x,group1,group2,p.value,group1_n,group1_mean_pgs,group1_median_pgs,group1_sd_pgs,group2_n,group2_mean_pgs,group2_median_pgs,group2_sd_pgs
cp_pgs.HAQER,Ancient Europeans,Neanderthals and Denisovans,0.03774369941249597,3244,0.06323030329795815,0.07037971275265195,1.1560456268827837,10,0.9087589758219555,1.2271493685803552,1.1822823322826017
cp_pgs.HAQER,Modern Europeans,Neanderthals and Denisovans,0.03698017367284619,503,1.6248806475277786e-17,0.0483383377361283,1,10,0.9087589758219555,1.2271493685803552,1.1822823322826017
cp_pgs.HAQER,Modern Europeans,Ancient Europeans,0.24570279708478057,503,1.6248806475277786e-17,0.0483383377361283,1,3244,0.06323030329795815,0.07037971275265195,1.1560456268827837
cp_pgs.background,Ancient Europeans,Neanderthals and Denisovans,1.6090577586323771e-10,3244,-0.8454869057313058,-0.8424127351576889,1.0811911630676314,10,-3.0176478403358087,-3.014214895757277,0.36593362490410014
cp_pgs.background,Modern Europeans,Neanderthals and Denisovans,3.021263849237435e-18,503,3.1484756885245555e-16,-0.04064802607851307,1,10,-3.0176478403358087,-3.014214895757277,0.36593362490410014
cp_pgs.background,Modern Europeans,Ancient Europeans,1.3323719103110706e-58,503,3.1484756885245555e-16,-0.04064802607851307,1,3244,-0.8454869057313058,-0.8424127351576889,1.0811911630676314
cp_pgs.matched,Ancient Europeans,Neanderthals and Denisovans,1,3244,0.0956191308383743,0.11721828429454109,1.2222369641583084,10,-0.12706365396451377,-0.023392584626684344,1.0697174775318525
cp_pgs.matched,Modern Europeans,Neanderthals and Denisovans,1,503,7.939075796703895e-17,0.04840832106381549,0.9999999999999999,10,-0.12706365396451377,-0.023392584626684344,1.0697174775318525
cp_pgs.matched,Modern Europeans,Ancient Europeans,0.2847768494550035,503,7.939075796703895e-17,0.04840832106381549,0.9999999999999999,3244,0.0956191308383743,0.11721828429454109,1.2222369641583084
