pheno,x,beta,std.error,statistic,p.value,FALSE_n,TRUE_n,n,pheno_clean
SCQ_q01_phrases,cp_pgs.HAQER_v2,0.04635282614921475,0.017412680576877938,2.6620155319891436,0.00776742942064888,4472,24794,29266,Able to talk using short phrases or sentences
SCQ_q08_particular_way,cp_pgs.HAQER_v2,-0.002035139928652201,0.012520422242395426,-0.1625456305907168,0.870876198004505,9875,19391,29266,Does things in a very particular way or order
SCQ_q10_hand_tool,cp_pgs.HAQER_v2,-0.005656697165456199,0.012082605266659453,-0.4681686640103354,0.6396639792717443,13726,15540,29266,Used your hand like a tool
viq_score,cp_pgs.HAQER_v2,2.0768059830737653,0.9031162549369773,2.299599826401854,0.021808310458800877,NA,NA,620,Verbal IQ
fsiq_score,cp_pgs.HAQER_v2,1.292063104192379,0.8707525331828659,1.4838465062737107,0.13836699452884132,NA,NA,620,Full-scale IQ
nviq_score,cp_pgs.HAQER_v2,0.5891177812931772,0.8626487717021708,0.6829173130690667,0.4949187927770874,NA,NA,620,Nonverbal IQ
