pheno,x,beta,std.error,statistic,p.value,n,n_control,n_case,control_mean_cp_pgs.HAQER,case_mean_cp_pgs.HAQER,control_std_dev_cp_pgs.HAQER,case_std_dev_cp_pgs.HAQER
SPARK_core_language_factor,cp_pgs.HAQER,0.06912059232820877,0.034408293196312154,2.0088352518344923,0.04484892881731024,917,NA,NA,NA,NA,NA,NA
dx_dev_lang_disorder,cp_pgs.HAQER,-0.03274138086134999,0.012536258302503463,-2.6117347035527825,0.009008412970518615,30203,10347,19856,8.749468307394408e-4,-0.03401016009810763,0.9770272811357406,0.9854151293181374
dx_intellectual_disability,cp_pgs.HAQER,-0.021473743680835544,0.014625867923698002,-1.4682030353933433,0.14204908001051025,30203,24114,6089,-0.017719653740743434,-0.0392446926828834,0.9807795762435495,0.9900298691569869
viq_score,cp_pgs.HAQER,1.4428902258641676,0.6375020623131669,2.2633498951025532,0.023760722023180542,1462,NA,NA,NA,NA,NA,NA
nviq_score,cp_pgs.HAQER,1.1251354748671265,0.5858767999600054,1.9204301568929394,0.054987843014234955,1547,NA,NA,NA,NA,NA,NA
fsiq_score,cp_pgs.HAQER,1.0459321117451366,0.6148612335110093,1.7010864480308934,0.0891308821422289,1528,NA,NA,NA,NA,NA,NA
