pheno,x,beta,std.error,statistic,p.value,FALSE_n,TRUE_n,n
SCQ_q01_phrases,cp_pgs.HAQER_v2,0.045866147433310224,0.017346674591348872,2.6440887670876454,0.008191117181878144,4527,24949,29476
viq_score,cp_pgs.HAQER_v2,2.0768059830737653,0.9031162549369773,2.299599826401854,0.021808310458800877,NA,NA,620
fsiq_score,cp_pgs.HAQER_v2,1.292063104192379,0.8707525331828659,1.4838465062737107,0.13836699452884132,NA,NA,620
nviq_score,cp_pgs.HAQER_v2,0.5891177812931772,0.8626487717021708,0.6829173130690667,0.4949187927770874,NA,NA,620
