y,x,component,estimate,std_error,z_value,p_value,n
language_diagnosis_count_self_report,cp_pgs.HAQER_v2,zero,-2.1409843439827707,0.722315281893454,-2.964057936543255,0.0030361111891313154,713
language_diagnosis_count_self_report,cp_pgs.HAQER_v2,count,-0.43289168895603886,0.09846973419214976,-4.396190286360598,1.1016736490783311e-5,713
psychiatric_diagnosis_count_self_report,cp_pgs.HAQER_v2,zero,0.45321956381057016,0.374947390667154,1.2087550816239696,0.22675695320195358,713
psychiatric_diagnosis_count_self_report,cp_pgs.HAQER_v2,count,0.01824528934962375,0.03899644385732053,0.46787059395413794,0.6398771335052618,713
