y,x,beta,std.error,iter,chi_square,p.value
core_language_F1,HAQER_TFBS_selection,0.2530549373050865,0.011880748576896248,3,895.1983862162693,1.862709986255595e-11
core_language_F1,HAR_TFBS_selection,0.036315246735080256,0.04359695834019464,2,13.204843027911215,1
core_language_F1,RAND_TFBS_selection,0.008567132097935916,0.03479491095531575,2,23.754617184373416,1
