y,x,beta,std.error,iter,chi_square,p.value
core_language_F1,HAQER_TFBS_selection,0.1382271895282281,0.009479815923538559,3,753.2485592910645,5.577567783200399e-4
core_language_F1,HAR_TFBS_selection,0.01087387139538611,0.041043725483587166,2,9.639800334507727,1
core_language_F1,RAND_TFBS_selection,-0.0018290785639417458,0.02988187041259645,2,24.709341198849796,1
