y,x,beta,std.error,iter,chi_square,p.value
core_language_F1,HAQER_TFBS_selection,0.128564906778362,0.014859849320189106,3,798.6070298935011,6.114640327181675e-6
core_language_F1,HAR_TFBS_selection,-0.029146579206298574,0.03545971142149825,2,16.321815804831775,1
core_language_F1,RAND_TFBS_selection,0.009114157217139627,0.02832424468956184,2,33.580126222864614,1
