TF_family,log2_OR,ci_lower,ci_upper,p
Fork head domain,4.287852718131229,1.6525580828980915,9.653458674585842,1.3265621288734143e-5
Homeobox domain,3.093588641460022,2.3238766614956554,3.9376124918222466,2.5480961624160326e-21
Other,-0.5030983546899046,-0.9804113047828951,-0.026989885892072647,0.03514043394738778
"Myc-type, basic helix-loop-helix (bHLH) domain",-0.6313546957221847,-1.4325299858757479,0.1634780934791816,0.11053041125986136
Ets domain,-1.5294192177498467,-2.8812179587170075,-0.2878701531663191,0.010225295213250912
Zinc finger C2H2 superfamily,-2.1952175662294717,-2.9153507769670055,-1.5073944332078706,1.1576699151961284e-11
