TF_family,log2_OR,ci_lower,ci_upper,p
Fork head domain,4.06137269879376,2.0076044606121344,7.21029159432755,3.3848673238197286e-7
Homeobox domain,2.260207059620556,1.6707943486333705,2.8658390200803194,6.696040911514689e-16
"Myc-type, basic helix-loop-helix (bHLH) domain",-0.4487414590902811,-1.320908350090601,0.386276475925334,0.2795866916182514
Other,-0.8768917764441824,-1.3745540269599807,-0.38476557357210844,3.001909877472769e-4
Ets domain,-1.5640545230631457,-3.3465417417858947,-0.09240100554287814,0.025121216287052085
Zinc finger C2H2 superfamily,-1.7995537205101384,-2.624061660465727,-1.0345242442689837,4.1501570335735425e-7
