TF_family,log2_OR,ci_lower,ci_upper,p
Fork head domain,2.605965869749481,1.015341535073946,4.625520015422542,2.98063251096069e-4
Homeobox domain,1.5890692652086837,1.01395571421979,2.178651455983858,1.0507938895646088e-8
Other,0.05876354389963106,-0.4138338881709306,0.5312292273333359,0.8098882030991101
"Myc-type, basic helix-loop-helix (bHLH) domain",-0.15517732550013272,-0.9588244199393532,0.6391309222306314,0.6947777362695333
Zinc finger C2H2 superfamily,-2.154829353911445,-2.946613427048501,-1.4148964246908136,1.8955750950864832e-10
Ets domain,-3.0221068234865758,-5.408702653676305,-1.2868515893748294,5.030305572488345e-5
